{
    "id": "501232886",
    "name": "Traveler",
    "description": "\n\nThe Traveler is the playable protagonist of Genshin Impact. In the opening cutscene, twin siblings from another world travel through the universe, until Asmoday blocked their path. The player gets to choose either Aether (male) or Lumine (female) as the Traveler and the Traveler's Sibling becomes captured.\n",
    "constelation": "Viator",
    "element": null,
    "quality": "5",
    "weapon_type": "Sword",
    "icon": null
}