{
    "id": "54831487",
    "weapon_name": "A Thousand Floating Dreams",
    "weapon_type": "Catalyst",
    "weapon_quality": "5",
    "base_attack": "542",
    "secondary_attribute_type": "Elemental Mastery",
    "secondary_attribute": "Elemental Mastery 265",
    "weapon_description": "This lamp illuminates the dreams that float up over a thousand nights, and in its emerald-green light flows a song of ancient days.",
    "weapon_skill_name": "A Thousand Nights' Dawnsong",
    "weapon_skill_description": "Party members other than the equipping character will provide the equipping character with buffs based on whether their Elemental Type is the same as the latter or not. If their Elemental Types are the same, increase Elemental Mastery by 64. If not, increase the equipping character's DMG Bonus from their Elemental Type by 26%. Each of the aforementioned effects can have up to 3 stacks. Additionally, all nearby party members other than the equipping character will have their Elemental Mastery increased by 48. Multiple such effects from multiple such weapons can stack.",
    "weapon_icon": "https://static.wikia.nocookie.net/gensin-impact/images/e/e8/Weapon_A_Thousand_Floating_Dreams_2nd.png/revision/latest?cb=20221102030926",
    "weapon_release_date": "November 02, 2022 | 2 years, 11 months ago"
}