{
    "id": "14344326",
    "weapon_name": "Apprentice's Notes",
    "weapon_type": "Catalyst",
    "weapon_quality": "1",
    "base_attack": "185",
    "secondary_attribute_type": "None",
    "secondary_attribute": "None ",
    "weapon_description": "Notes left behind by a top student. Many useful spells are listed, and the handwriting is beautiful.",
    "weapon_skill_name": "None",
    "weapon_skill_description": "None",
    "weapon_icon": "https://static.wikia.nocookie.net/gensin-impact/images/b/bc/Weapon_Apprentice%27s_Notes_2nd.png/revision/latest?cb=20201116032827",
    "weapon_release_date": "September 28, 2020 | 5 years ago"
}