{
    "id": "45450913",
    "weapon_name": "Ballad of the Fjords",
    "weapon_type": "Polearm",
    "weapon_quality": "4",
    "base_attack": "510",
    "secondary_attribute_type": "CRIT Rate",
    "secondary_attribute": "CRIT Rate 27.6%",
    "weapon_description": "A polearm used by those seeking to catch fish in the tundra. It lets none escape.",
    "weapon_skill_name": "Tales of the Tundra",
    "weapon_skill_description": "When there are at least 3 different Elemental Types in your party, Elemental Mastery will be increased by 240.",
    "weapon_icon": "https://static.wikia.nocookie.net/gensin-impact/images/b/be/Weapon_Ballad_of_the_Fjords_2nd.png/revision/latest?cb=20230817014158",
    "weapon_release_date": "August 16, 2023 | 2 years, 2 months ago"
}