{
    "id": "15940664",
    "weapon_name": "Beginner's Protector",
    "weapon_type": "Polearm",
    "weapon_quality": "1",
    "base_attack": "185",
    "secondary_attribute_type": "None",
    "secondary_attribute": "None ",
    "weapon_description": "A polearm as straight as a flag pole. Well suited to most combat situations, it has an imposing presence when swung.",
    "weapon_skill_name": "None",
    "weapon_skill_description": "None",
    "weapon_icon": "https://static.wikia.nocookie.net/gensin-impact/images/5/59/Weapon_Beginner%27s_Protector_2nd.png/revision/latest?cb=20201116033125",
    "weapon_release_date": "September 28, 2020 | 5 years ago"
}