{
    "id": "42524218",
    "weapon_name": "Blackcliff Slasher",
    "weapon_type": "Claymore",
    "weapon_quality": "4",
    "base_attack": "510",
    "secondary_attribute_type": "CRIT DMG",
    "secondary_attribute": "CRIT DMG  55.1%",
    "weapon_description": "An extremely sturdy greatsword from the Blackcliff Forge. It has a dark crimson color from the blade to the pommel.",
    "weapon_skill_name": "Press the Advantage",
    "weapon_skill_description": "After defeating an opponent, ATK is increased by 24% for 30s. This effect has a maximum of 3 stacks, and the duration of each stack is independent of the others.",
    "weapon_icon": "https://static.wikia.nocookie.net/gensin-impact/images/d/de/Weapon_Blackcliff_Slasher_2nd.png/revision/latest?cb=20201119233626",
    "weapon_release_date": "November 01, 2020 | 4 years, 11 months ago"
}