{
    "id": "55186230",
    "weapon_name": "Bloodsoaked Ruins",
    "weapon_type": "Polearm",
    "weapon_quality": "5",
    "base_attack": "674",
    "secondary_attribute_type": "CRIT Rate",
    "secondary_attribute": "CRIT Rate - 22.1%",
    "weapon_description": "A long spear tainted black by unrelenting battle, it shines with an ethereal glow beneath the ghostly blue light of the lantern-fire.",
    "weapon_skill_name": "Mournful Tribute",
    "weapon_skill_description": "For 3.5s after using an Elemental Burst, the equipping character's Lunar-Charged DMG dealt to opponents is increased by 84%. Additionally, after triggering a Lunar-Charged reaction, the equipping character will gain Requiem of Ruin: CRIT DMG is increased by 56% for 6s. They will also regain 16 Elemental Energy. Elemental Energy can be restored this way once every 14s.",
    "weapon_icon": "https://static.wikia.nocookie.net/gensin-impact/images/0/07/Weapon_Bloodsoaked_Ruins_2nd.png/revision/latest?cb=20250930222818",
    "weapon_release_date": "September 30, 2025 | 2 weeks ago"
}