{
    "id": "41799350",
    "weapon_name": "Cinnabar Spindle",
    "weapon_type": "Sword",
    "weapon_quality": "4",
    "base_attack": "454",
    "secondary_attribute_type": "DEF",
    "secondary_attribute": "DEF  69.0%",
    "weapon_description": "A sword made from materials that do not belong in this world. The power within might even be able to withstand the corruption of a venom that could corrode a mighty dragon.",
    "weapon_skill_name": "Spotless Heart",
    "weapon_skill_description": "Elemental Skill DMG is increased by 80% of DEF. The effect will be triggered no more than once every 1.5s and will be cleared 0.1s after the Elemental Skill deals DMG.",
    "weapon_icon": "https://static.wikia.nocookie.net/gensin-impact/images/4/4a/Weapon_Cinnabar_Spindle_2nd.png/revision/latest?cb=20211125225658",
    "weapon_release_date": "November 25, 2021 | 3 years, 10 months ago"
}