{
    "id": "45410660",
    "weapon_name": "Crescent Pike",
    "weapon_type": "Polearm",
    "weapon_quality": "4",
    "base_attack": "565",
    "secondary_attribute_type": "Physical DMG Bonus",
    "secondary_attribute": "Physical DMG Bonus - 34.5%",
    "weapon_description": "An exotic weapon with an extremely long blade on the top and a crescent blade at the bottom. It found its way into Liyue through foreign traders. With practice, it can deal heavy damage.",
    "weapon_skill_name": "Infusion Needle",
    "weapon_skill_description": "After picking up an Elemental Orb/Particle, Normal and Charged Attacks deal an additional 40% ATK as DMG for 5s.",
    "weapon_icon": "https://static.wikia.nocookie.net/gensin-impact/images/0/04/Weapon_Crescent_Pike_2nd.png/revision/latest?cb=20201116153014",
    "weapon_release_date": "September 28, 2020 | 5 years ago"
}