{
    "id": "31990270",
    "weapon_name": "Dark Iron Sword",
    "weapon_type": "Sword",
    "weapon_quality": "3",
    "base_attack": "401",
    "secondary_attribute_type": "Elemental Mastery",
    "secondary_attribute": "Elemental Mastery 141",
    "weapon_description": "A perfectly ordinary iron sword, just slightly darker than most.",
    "weapon_skill_name": "Overloaded",
    "weapon_skill_description": "Upon causing an Overloaded, Superconduct, Electro-Charged, Quicken, Aggravate, Hyperbloom, Lunar-Charged, or Electro-infused Swirl reaction, ATK is increased by 20% for 12s.",
    "weapon_icon": "https://static.wikia.nocookie.net/gensin-impact/images/1/11/Weapon_Dark_Iron_Sword_2nd.png/revision/latest?cb=20201119235513",
    "weapon_release_date": "September 28, 2020 | 5 years ago"
}