{
    "id": "45298129",
    "weapon_name": "Dialogues of the Desert Sages",
    "weapon_type": "Polearm",
    "weapon_quality": "4",
    "base_attack": "510",
    "secondary_attribute_type": "HP",
    "secondary_attribute": "HP 41.3%",
    "weapon_description": "A caduceus symbolizing the glory of alchemy, made from special alloys to match its special status. It is exceedingly rigid and heavy, and would probably hurt pretty bad if used as a cudgel.",
    "weapon_skill_name": "Principle of Equilibrium",
    "weapon_skill_description": "When the wielder performs healing, restore 16 Energy. This effect can be triggered once every 10s and can occur even when the character is not on the field.",
    "weapon_icon": "https://static.wikia.nocookie.net/gensin-impact/images/a/ab/Weapon_Dialogues_of_the_Desert_Sages_2nd.png/revision/latest?cb=20240314050328",
    "weapon_release_date": "March 14, 2024 | 1 year, 7 months ago"
}