{
    "id": "44596819",
    "weapon_name": "Dodoco Tales",
    "weapon_type": "Catalyst",
    "weapon_quality": "4",
    "base_attack": "454",
    "secondary_attribute_type": "ATK",
    "secondary_attribute": "ATK  55.1%",
    "weapon_description": "A children's book filled with childish short stories at which one cannot help but laugh.<br/>Even those readers who have long reached adulthood cannot help but be absorbed by the innocent, naive little adventures portrayed within.",
    "weapon_skill_name": "Dodoventure!",
    "weapon_skill_description": "Normal Attack hits on opponents increase Charged Attack DMG by 32% for 6s. Charged Attack hits on opponents increase ATK by 16% for 6s.",
    "weapon_icon": "https://static.wikia.nocookie.net/gensin-impact/images/e/e9/Weapon_Dodoco_Tales_2nd.png/revision/latest?cb=20210616212520",
    "weapon_release_date": "June 17, 2021 | 4 years, 4 months ago"
}