{
    "id": "45422867",
    "weapon_name": "Dragonspine Spear",
    "weapon_type": "Polearm",
    "weapon_quality": "4",
    "base_attack": "454",
    "secondary_attribute_type": "Physical DMG Bonus",
    "secondary_attribute": "Physical DMG Bonus  69.0%",
    "weapon_description": "A spear created from the fang of a dragon. It is oddly warm to the touch.",
    "weapon_skill_name": "Frost Burial",
    "weapon_skill_description": "Hitting an opponent with Normal and Charged Attacks has a 100% chance of forming and dropping an Everfrost Icicle above them, dealing 140% AoE ATK DMG. Opponents affected by Cryo are dealt 360% ATK DMG instead by the icicle. Can only occur once every 10s.",
    "weapon_icon": "https://static.wikia.nocookie.net/gensin-impact/images/f/fb/Weapon_Dragonspine_Spear_2nd.png/revision/latest?cb=20201229014019",
    "weapon_release_date": "December 23, 2020 | 4 years, 9 months ago"
}