{
    "id": "11883820",
    "weapon_name": "Dull Blade",
    "weapon_type": "Sword",
    "weapon_quality": "1",
    "base_attack": "185",
    "secondary_attribute_type": "None",
    "secondary_attribute": "None ",
    "weapon_description": "Youthful dreams and the thrill of adventure. If this isn't enough, then make it up with valiance.",
    "weapon_skill_name": "None",
    "weapon_skill_description": "None",
    "weapon_icon": "https://static.wikia.nocookie.net/gensin-impact/images/b/ba/Weapon_Dull_Blade_2nd.png/revision/latest?cb=20201116032657",
    "weapon_release_date": "September 28, 2020 | 5 years ago"
}