{
    "id": "42888413",
    "weapon_name": "Earth Shaker",
    "weapon_type": "Claymore",
    "weapon_quality": "4",
    "base_attack": "565",
    "secondary_attribute_type": "ATK",
    "secondary_attribute": "ATK 27.6%",
    "weapon_description": "A heavy blade that people claim was beloved by the hero known as the Firethief. They say that even the Lord of Cinder Keep's flames could not\nburn it away.",
    "weapon_skill_name": "Oath of Qhapaq Nan",
    "weapon_skill_description": "After a party member triggers a Pyro-related reaction, the equipping character's Elemental Skill DMG is increased by 32% for 8s. This effect can be triggered even when the triggering party member is not on the field.",
    "weapon_icon": "https://static.wikia.nocookie.net/gensin-impact/images/6/6e/Weapon_Earth_Shaker_2nd.png/revision/latest?cb=20240914112950",
    "weapon_release_date": "August 28, 2024 | 1 year, 1 month ago"
}