{
    "id": "53638267",
    "weapon_name": "Elegy for the End",
    "weapon_type": "Bow",
    "weapon_quality": "5",
    "base_attack": "608",
    "secondary_attribute_type": "Energy Recharge",
    "secondary_attribute": "Energy Recharge  55.1%",
    "weapon_description": "A bow as lovely as any bard's lyre, its arrows pierce the heart like a lamenting sigh.",
    "weapon_skill_name": "The Parting Refrain",
    "weapon_skill_description": "A part of the \"Millennial Movement\" that wanders amidst the winds.<br/>Increases Elemental Mastery by 120.<br/>When the Elemental Skills or Elemental Bursts of the character wielding this weapon hit opponents, that character gains a Sigil of Remembrance. This effect can be triggered once every 0.2s and can be triggered even if said character is not on the field.<br/>When you possess 4 Sigils of Remembrance, all of them will be consumed and all nearby party members will obtain the \"Millennial Movement: Farewell Song\" effect for 12s.<br/>\"Millennial Movement: Farewell Song\" increases Elemental Mastery by 200 and increases ATK by 40%. Once this effect is triggered, you will not gain Sigils of Remembrance for 20s.<br/>Of the many effects of the \"Millennial Movement,\" buffs of the same type will not stack.",
    "weapon_icon": "https://static.wikia.nocookie.net/gensin-impact/images/6/61/Weapon_Elegy_for_the_End_2nd.png/revision/latest?cb=20210319130454",
    "weapon_release_date": "March 17, 2021 | 4 years, 7 months ago"
}