{
    "id": "43268123",
    "weapon_name": "Fading Twilight",
    "weapon_type": "Bow",
    "weapon_quality": "4",
    "base_attack": "565",
    "secondary_attribute_type": "Energy Recharge",
    "secondary_attribute": "Energy Recharge - 30.6%",
    "weapon_description": "A precious bow made of platinum, inlaid with an orb that shimmers with the light of eventide.",
    "weapon_skill_name": "Radiance of the Deeps",
    "weapon_skill_description": "Has three states, Evengleam, Afterglow, and Dawnblaze, which increase DMG dealt by 12%/20%/28% respectively. When attacks hit opponents, this weapon will switch to the next state. This weapon can change states once every 7s. The character equipping this weapon can still trigger the state switch while not on the field.",
    "weapon_icon": "https://static.wikia.nocookie.net/gensin-impact/images/6/6d/Weapon_Fading_Twilight_2nd.png/revision/latest?cb=20231219232511",
    "weapon_release_date": "May 31, 2022 | 3 years, 4 months ago"
}