{
    "id": "45741268",
    "weapon_name": "Favonius Lance",
    "weapon_type": "Polearm",
    "weapon_quality": "4",
    "base_attack": "565",
    "secondary_attribute_type": "Energy Recharge",
    "secondary_attribute": "Energy Recharge - 30.6%",
    "weapon_description": "A polearm made in the style of the Knights of Favonius. Its shaft is straight, and its tip flows lightly like the wind.",
    "weapon_skill_name": "Windfall",
    "weapon_skill_description": "CRIT Hits have a 100% chance to generate a small amount of Elemental Particles, which will regenerate 6 Energy for the character. Can only occur once every 6s.",
    "weapon_icon": "https://static.wikia.nocookie.net/gensin-impact/images/e/e3/Weapon_Favonius_Lance_2nd.png/revision/latest?cb=20201116032658",
    "weapon_release_date": "September 28, 2020 | 5 years ago"
}