{
    "id": "43398872",
    "weapon_name": "Favonius Warbow",
    "weapon_type": "Bow",
    "weapon_quality": "4",
    "base_attack": "454",
    "secondary_attribute_type": "Energy Recharge",
    "secondary_attribute": "Energy Recharge  - 61.3%",
    "weapon_description": "A standard-issue recurve bow of the Knights of Favonius. Only the best archers can unleash its full potential.",
    "weapon_skill_name": "Windfall",
    "weapon_skill_description": "CRIT hits have a 100% chance to generate a small amount of Elemental Particles, which will regenerate 6 Energy for the character. Can only occur once every 6s.",
    "weapon_icon": "https://static.wikia.nocookie.net/gensin-impact/images/9/92/Weapon_Favonius_Warbow_2nd.png/revision/latest?cb=20201120003157",
    "weapon_release_date": "September 28, 2020 | 5 years ago"
}