{
    "id": "42475515",
    "weapon_name": "Favonius Greatsword",
    "weapon_type": "Claymore",
    "weapon_quality": "4",
    "base_attack": "454",
    "secondary_attribute_type": "Energy Recharge",
    "secondary_attribute": "Energy Recharge  - 61.3%",
    "weapon_description": "A heavy ceremonial sword of the Knights of Favonius. It channels elemental power easily and is highly destructive.",
    "weapon_skill_name": "Windfall",
    "weapon_skill_description": "CRIT hits have a 100% chance to generate a small amount of Elemental Particles, which will regenerate 6 Energy for the character. Can only occur once every 6s.",
    "weapon_icon": "https://static.wikia.nocookie.net/gensin-impact/images/0/01/Weapon_Favonius_Greatsword_2nd.png/revision/latest?cb=20201116032658",
    "weapon_release_date": "September 28, 2020 | 5 years ago"
}