{
    "id": "44870909",
    "weapon_name": "Flowing Purity",
    "weapon_type": "Catalyst",
    "weapon_quality": "4",
    "base_attack": "565",
    "secondary_attribute_type": "ATK",
    "secondary_attribute": "ATK 27.6%",
    "weapon_description": "A strangely-shaped anthology of scripts. All the scripts written by Coppelius are recorded within.",
    "weapon_skill_name": "Unfinished Masterpiece",
    "weapon_skill_description": "When using an Elemental Skill, All Elemental DMG Bonus will be increased by 16% for 15s, and a Bond of Life worth 24% of Max HP will be granted. This effect can be triggered once every 10s. When the Bond of Life is cleared, every 1,000 HP cleared in the process will provide 4% All Elemental DMG Bonus, up to a maximum of 24%. This effect lasts 15s.",
    "weapon_icon": "https://static.wikia.nocookie.net/gensin-impact/images/b/be/Weapon_Flowing_Purity_2nd.png/revision/latest?cb=20230817014215",
    "weapon_release_date": "August 16, 2023 | 2 years, 2 months ago"
}