{
    "id": "51459701",
    "weapon_name": "Freedom-Sworn",
    "weapon_type": "Sword",
    "weapon_quality": "5",
    "base_attack": "608",
    "secondary_attribute_type": "Elemental Mastery",
    "secondary_attribute": "Elemental Mastery 198",
    "weapon_description": "A straight sword, azure as antediluvian song, and as keen as the oaths of freedom taken in the Land of Wind.",
    "weapon_skill_name": "Revolutionary Chorale",
    "weapon_skill_description": "A part of the \"Millennial Movement\" that wanders amidst the winds.<br/>Increases DMG by 20%.<br/>When the character wielding this weapon triggers Elemental Reactions, they gain a Sigil of Rebellion. This effect can be triggered once every 0.5s and can be triggered even if said character is not on the field.<br/>When you possess 2 Sigils of Rebellion, all of them will be consumed and all nearby party members will obtain \"Millennial Movement: Song of Resistance\" for 12s.<br/>\"Millennial Movement: Song of Resistance\" increases Normal, Charged, and Plunging Attack DMG by 32% and increases ATK by 40%. Once this effect is triggered, you will not gain Sigils of Rebellion for 20s.<br/>Of the many effects of the \"Millennial Movement,\" buffs of the same type will not stack.",
    "weapon_icon": "https://static.wikia.nocookie.net/gensin-impact/images/e/e9/Weapon_Freedom-Sworn_2nd.png/revision/latest?cb=20210629202615",
    "weapon_release_date": "June 29, 2021 | 4 years, 3 months ago"
}