{
    "id": "35153509",
    "weapon_name": "Halberd",
    "weapon_type": "Polearm",
    "weapon_quality": "3",
    "base_attack": "448",
    "secondary_attribute_type": "ATK",
    "secondary_attribute": "ATK - 23.4%",
    "weapon_description": "A polearm with an axe blade mounted on top that can deal quite a lot of damage. It's favored by the Millelith officers.",
    "weapon_skill_name": "Heavy",
    "weapon_skill_description": "Normal Attacks deal an additional 320% DMG. Can only occur once every 10s.",
    "weapon_icon": "https://static.wikia.nocookie.net/gensin-impact/images/a/a6/Weapon_Halberd_2nd.png/revision/latest?cb=20201116032700",
    "weapon_release_date": "September 28, 2020 | 5 years ago"
}