{
    "id": "25187888",
    "weapon_name": "Iron Point",
    "weapon_type": "Polearm",
    "weapon_quality": "2",
    "base_attack": "243",
    "secondary_attribute_type": "None",
    "secondary_attribute": "None ",
    "weapon_description": "Sharp and pointy at one end, it is a balanced weapon that is quite popular among travelers.",
    "weapon_skill_name": "None",
    "weapon_skill_description": "None",
    "weapon_icon": "https://static.wikia.nocookie.net/gensin-impact/images/6/64/Weapon_Iron_Point_2nd.png/revision/latest?cb=20201116155400",
    "weapon_release_date": "September 28, 2020 | 5 years ago"
}