{
    "id": "42656122",
    "weapon_name": "Katsuragikiri Nagamasa",
    "weapon_type": "Claymore",
    "weapon_quality": "4",
    "base_attack": "510",
    "secondary_attribute_type": "Energy Recharge",
    "secondary_attribute": "Energy Recharge  - 45.9%",
    "weapon_description": "A blade that was once made in Tatarasuna. Heavy and tough.",
    "weapon_skill_name": "Samurai Conduct",
    "weapon_skill_description": "Increases Elemental Skill DMG by 12%. After Elemental Skill hits an opponent, the character loses 3 Energy but regenerates 5 Energy every 2s for the next 6s. This effect can occur once every 10s. Can be triggered even when the character is not on the field.",
    "weapon_icon": "https://static.wikia.nocookie.net/gensin-impact/images/2/27/Weapon_Katsuragikiri_Nagamasa_2nd.png/revision/latest?cb=20211103232842",
    "weapon_release_date": "July 21, 2021 | 4 years, 2 months ago"
}