{
    "id": "51696354",
    "weapon_name": "Light of Foliar Incision",
    "weapon_type": "Sword",
    "weapon_quality": "5",
    "base_attack": "542",
    "secondary_attribute_type": "CRIT DMG",
    "secondary_attribute": "CRIT DMG  - 88.2%",
    "weapon_description": "This gilded blade was made using precious white branches. It was once used to destroy countless poisons that infested the forest.",
    "weapon_skill_name": "Whitemoon Bristle",
    "weapon_skill_description": "CRIT Rate is increased by 8%. After Normal Attacks deal Elemental DMG, the Foliar Incision effect will be obtained, increasing DMG dealt by Normal Attacks and Elemental Skills by 240% of Elemental Mastery. This effect will disappear after 28 DMG instances or 12s. You can obtain Foliar Incision once every 12s.",
    "weapon_icon": "https://static.wikia.nocookie.net/gensin-impact/images/3/30/Weapon_Light_of_Foliar_Incision_2nd.png/revision/latest?cb=20230120084945",
    "weapon_release_date": "January 18, 2023 | 2 years, 9 months ago"
}