{
    "id": "41783911",
    "weapon_name": "Lion's Roar",
    "weapon_type": "Sword",
    "weapon_quality": "4",
    "base_attack": "510",
    "secondary_attribute_type": "ATK",
    "secondary_attribute": "ATK 41.3%",
    "weapon_description": "A sharp blade with extravagant carvings that somehow does not compromise on durability and sharpness. It roars like a lion as it cuts through the air.",
    "weapon_skill_name": "Bane of Fire and Thunder",
    "weapon_skill_description": "Increases DMG against enemies affected by Pyro or Electro by 36%.",
    "weapon_icon": "https://static.wikia.nocookie.net/gensin-impact/images/0/09/Weapon_Lion%27s_Roar_2nd.png/revision/latest?cb=20201119232858",
    "weapon_release_date": "September 28, 2020 | 5 years ago"
}