{
    "id": "45227955",
    "weapon_name": "Lithic Spear",
    "weapon_type": "Polearm",
    "weapon_quality": "4",
    "base_attack": "565",
    "secondary_attribute_type": "ATK",
    "secondary_attribute": "ATK 27.6%",
    "weapon_description": "A spear forged from the rocks of the Guyun Stone Forest. Its hardness knows no equal.",
    "weapon_skill_name": "Lithic Axiom: Unity",
    "weapon_skill_description": "For every character in the party who hails from Liyue, the character who equips this weapon gains 11% ATK increase and a 7% CRIT Rate increase. This effect stacks up to 4 times.",
    "weapon_icon": "https://static.wikia.nocookie.net/gensin-impact/images/c/c6/Weapon_Lithic_Spear_2nd.png/revision/latest?cb=20210321110547",
    "weapon_release_date": "February 23, 2021 | 4 years, 7 months ago"
}