{
    "id": "42601363",
    "weapon_name": "Makhaira Aquamarine",
    "weapon_type": "Claymore",
    "weapon_quality": "4",
    "base_attack": "510",
    "secondary_attribute_type": "Elemental Mastery",
    "secondary_attribute": "Elemental Mastery 165",
    "weapon_description": "An ancient greatsword that gleams like the waters themselves. A thousand years of sand erosion has not dulled its unnaturally sharp edge one bit.",
    "weapon_skill_name": "Desert Pavilion",
    "weapon_skill_description": "The following effect will trigger every 10s: The equipping character will gain 48% of their Elemental Mastery as bonus ATK for 12s, with nearby party members gaining 30% of this buff for the same duration. Multiple instances of this weapon can allow this buff to stack. This effect will still trigger even if the character is not on the field.",
    "weapon_icon": "https://static.wikia.nocookie.net/gensin-impact/images/a/ad/Weapon_Makhaira_Aquamarine_2nd.png/revision/latest?cb=20231219232820",
    "weapon_release_date": "September 28, 2022 | 3 years ago"
}