{
    "id": "54460220",
    "weapon_name": "Memory of Dust",
    "weapon_type": "Catalyst",
    "weapon_quality": "5",
    "base_attack": "608",
    "secondary_attribute_type": "ATK",
    "secondary_attribute": "ATK  - 49.6%",
    "weapon_description": "A stone dumbbell containing distant memories. Its endless transformations reveal the power within.",
    "weapon_skill_name": "Golden Majesty",
    "weapon_skill_description": "Increases Shield Strength by 40%. Scoring hits on opponents increases ATK by 8% for 8s. Max 5 stacks. Can only occur once every 0.3s. While protected by a shield, this ATK increase effect is increased by 100%.",
    "weapon_icon": "https://static.wikia.nocookie.net/gensin-impact/images/f/fd/Weapon_Memory_of_Dust_2nd.png/revision/latest?cb=20201119232626",
    "weapon_release_date": "November 11, 2020 | 4 years, 11 months ago"
}