{
    "id": "33502150",
    "weapon_name": "Messenger",
    "weapon_type": "Bow",
    "weapon_quality": "3",
    "base_attack": "448",
    "secondary_attribute_type": "CRIT DMG",
    "secondary_attribute": "CRIT DMG - 31.2%",
    "weapon_description": "A basic wooden bow. It is said to have once been used as a tool for long-distance communication.",
    "weapon_skill_name": "Archer's Message",
    "weapon_skill_description": "Charged Attack hits on weak spots deal an additional 200% ATK DMG as CRIT DMG. Can only occur once every 10s.",
    "weapon_icon": "https://static.wikia.nocookie.net/gensin-impact/images/d/db/Weapon_Messenger_2nd.png/revision/latest?cb=20201120000606",
    "weapon_release_date": "September 28, 2020 | 5 years ago"
}