{
    "id": "41981148",
    "weapon_name": "Moonweaver's Dawn",
    "weapon_type": "Sword",
    "weapon_quality": "4",
    "base_attack": "565",
    "secondary_attribute_type": "ATK",
    "secondary_attribute": "ATK 27.6%",
    "weapon_description": "An immaculate, sharp silver sword that can slice through armor like moonlight flowing through the empty night. According to legend, it is a divine blade, blessed by the first Moonchanter herself.",
    "weapon_skill_name": "Secret Silver's Testament",
    "weapon_skill_description": "Increases Elemental Burst DMG by 40%. When the equipping character's Energy Capacity does not exceed 60/40, their Elemental Burst DMG is increased by an additional 32%/56%.",
    "weapon_icon": "https://static.wikia.nocookie.net/gensin-impact/images/3/34/Weapon_Moonweaver%27s_Dawn_2nd.png/revision/latest?cb=20250911022111",
    "weapon_release_date": "September 10, 2025 | 1 month ago"
}