{
    "id": "22647506",
    "weapon_name": "Old Merc's Pal",
    "weapon_type": "Claymore",
    "weapon_quality": "2",
    "base_attack": "243",
    "secondary_attribute_type": "None",
    "secondary_attribute": "None ",
    "weapon_description": "A battle-tested greatsword that has seen better days and worse.",
    "weapon_skill_name": "None",
    "weapon_skill_description": "None",
    "weapon_icon": "https://static.wikia.nocookie.net/gensin-impact/images/8/80/Weapon_Old_Merc%27s_Pal_2nd.png/revision/latest?cb=20201120001210",
    "weapon_release_date": "September 28, 2020 | 5 years ago"
}