{
    "id": "24708822",
    "weapon_name": "Pocket Grimoire",
    "weapon_type": "Catalyst",
    "weapon_quality": "2",
    "base_attack": "243",
    "secondary_attribute_type": "None",
    "secondary_attribute": "None ",
    "weapon_description": "A carefully compiled notebook featuring the essentials needed to pass a magic exam.",
    "weapon_skill_name": "None",
    "weapon_skill_description": "None",
    "weapon_icon": "https://static.wikia.nocookie.net/gensin-impact/images/f/fa/Weapon_Pocket_Grimoire_2nd.png/revision/latest?cb=20201116034658",
    "weapon_release_date": "September 28, 2020 | 5 years ago"
}