{
    "id": "53560794",
    "weapon_name": "Polar Star",
    "weapon_type": "Bow",
    "weapon_quality": "5",
    "base_attack": "608",
    "secondary_attribute_type": "CRIT Rate",
    "secondary_attribute": "CRIT Rate - 33.1%",
    "weapon_description": "A pristine bow that is as sharp as the glaciers of the far north.",
    "weapon_skill_name": "Daylight's Augury",
    "weapon_skill_description": "Elemental Skill and Elemental Burst DMG increased by 24%. After a Normal Attack, Charged Attack, Elemental Skill or Elemental Burst hits an opponent, 1 stack of Ashen Nightstar will be gained for 12s. When 1/2/3/4 stacks of Ashen Nightstar are present, ATK is increased by 20/40/60/96%. The stack of Ashen Nightstar created by the Normal Attack, Charged Attack, Elemental Skill or Elemental Burst will be counted independently of the others.",
    "weapon_icon": "https://static.wikia.nocookie.net/gensin-impact/images/0/09/Weapon_Polar_Star_2nd.png/revision/latest?cb=20220509194137",
    "weapon_release_date": "October 13, 2021 | 4 years ago"
}