{
    "id": "43754704",
    "weapon_name": "Predator",
    "weapon_type": "Bow",
    "weapon_quality": "4",
    "base_attack": "510",
    "secondary_attribute_type": "ATK",
    "secondary_attribute": "ATK 41.3%",
    "weapon_description": "A uniquely designed bow. This should not belong in this world.",
    "weapon_skill_name": "Strong Strike",
    "weapon_skill_description": "Effective only on the following platform:<br/>\"PlayStation Network\"<br/>Dealing Cryo DMG to opponents increases this character's Normal and Charged Attack DMG by 10% for 6s. This effect can have a maximum of 2 stacks. Additionally, when Aloy equips Predator, ATK is increased by 66.",
    "weapon_icon": "https://static.wikia.nocookie.net/gensin-impact/images/4/48/Weapon_Predator_2nd.png/revision/latest?cb=20210901042401",
    "weapon_release_date": "September 01, 2021 | 4 years, 1 month ago"
}