{
    "id": "45225673",
    "weapon_name": "Prospector's Drill",
    "weapon_type": "Polearm",
    "weapon_quality": "4",
    "base_attack": "565",
    "secondary_attribute_type": "ATK",
    "secondary_attribute": "ATK 27.6%",
    "weapon_description": "A long-handled drill that you can rarely find nowadays. It was often used in delving and in carving stones.",
    "weapon_skill_name": "Masons' Ditty",
    "weapon_skill_description": "When the wielder is healed or heals others, they will gain a Unity's Symbol that lasts 30s, up to a maximum of 3 Symbols. When using their Elemental Skill or Burst, all Symbols will be consumed and the Struggle effect will be granted for 10s. For each Symbol consumed, gain 7% ATK and 13% All Elemental DMG Bonus. The Struggle effect can be triggered once every 15s, and Symbols can be gained even when the character is not on the field.",
    "weapon_icon": "https://static.wikia.nocookie.net/gensin-impact/images/a/a9/Weapon_Prospector%27s_Drill_2nd.png/revision/latest?cb=20231019120316",
    "weapon_release_date": "October 17, 2023 | 2 years ago"
}