{
    "id": "42308263",
    "weapon_name": "Prototype Archaic",
    "weapon_type": "Claymore",
    "weapon_quality": "4",
    "base_attack": "565",
    "secondary_attribute_type": "ATK",
    "secondary_attribute": "ATK 27.6%",
    "weapon_description": "An ancient greatsword discovered in the Blackcliff Forge. It swings with such an immense force that one feels it could cut straight through reality itself.",
    "weapon_skill_name": "Crush",
    "weapon_skill_description": "On hit, Normal or Charged Attacks have a 50% chance to deal an additional 480% ATK DMG to opponents within a small AoE. Can only occur once every 15s.",
    "weapon_icon": "https://static.wikia.nocookie.net/gensin-impact/images/8/86/Weapon_Prototype_Archaic_2nd.png/revision/latest?cb=20201119204501",
    "weapon_release_date": "September 28, 2020 | 5 years ago"
}