{
    "id": "44926715",
    "weapon_name": "Ring of Yaxche",
    "weapon_type": "Catalyst",
    "weapon_quality": "4",
    "base_attack": "510",
    "secondary_attribute_type": "HP",
    "secondary_attribute": "HP 41.3%",
    "weapon_description": "This jade vessel was created by a hero of yesteryear. Legend has it that it once shot the giant dragon that dwelt in the volcano down from the skies.",
    "weapon_skill_name": "Echoes of the Plentiful Land",
    "weapon_skill_description": "Using an Elemental Skill grants the Jade-Forged Crown effect: Every 1,000 Max HP will increase the Normal Attack DMG dealt by the equipping character by 1% for 10s. Normal Attack DMG can be increased this way by a maximum of 32%.",
    "weapon_icon": "https://static.wikia.nocookie.net/gensin-impact/images/0/07/Weapon_Ring_of_Yaxche_2nd.png/revision/latest?cb=20240914113226",
    "weapon_release_date": "August 28, 2024 | 1 year, 1 month ago"
}