{
    "id": "42923154",
    "weapon_name": "Royal Greatsword",
    "weapon_type": "Claymore",
    "weapon_quality": "4",
    "base_attack": "565",
    "secondary_attribute_type": "ATK",
    "secondary_attribute": "ATK 27.6%",
    "weapon_description": "An old greatsword that belonged to the erstwhile rulers of Mondstadt. It is made from the finest-quality materials and has stood the test of time. A weapon for use by royals only.",
    "weapon_skill_name": "Focus",
    "weapon_skill_description": "Upon dealing damage to an opponent, increases CRIT Rate by 16%. Max 5 stacks. A CRIT hit removes all existing stacks.",
    "weapon_icon": "https://static.wikia.nocookie.net/gensin-impact/images/2/2b/Weapon_Royal_Greatsword_2nd.png/revision/latest?cb=20201116032709",
    "weapon_release_date": "September 28, 2020 | 5 years ago"
}