{
    "id": "41636936",
    "weapon_name": "Sacrificial Sword",
    "weapon_type": "Sword",
    "weapon_quality": "4",
    "base_attack": "454",
    "secondary_attribute_type": "Energy Recharge",
    "secondary_attribute": "Energy Recharge  - 61.3%",
    "weapon_description": "A ceremonial sword that has become petrified over time. The trinkets on it are still visible. It grants the wielder the power to withstand the winds of time.",
    "weapon_skill_name": "Composed",
    "weapon_skill_description": "After dealing damage to an opponent with an Elemental Skill, the skill has a 80% chance to end its own CD. Can only occur once every 16s.",
    "weapon_icon": "https://static.wikia.nocookie.net/gensin-impact/images/d/df/Weapon_Sacrificial_Sword_2nd.png/revision/latest?cb=20201120010852",
    "weapon_release_date": "September 28, 2020 | 5 years ago"
}