{
    "id": "43956899",
    "weapon_name": "Sacrificial Bow",
    "weapon_type": "Bow",
    "weapon_quality": "4",
    "base_attack": "565",
    "secondary_attribute_type": "Energy Recharge",
    "secondary_attribute": "Energy Recharge - 30.6%",
    "weapon_description": "A ceremonial hunting bow that has become petrified over time. The trinkets on it are still visible. It grants the wielder the power to withstand the winds of time.",
    "weapon_skill_name": "Composed",
    "weapon_skill_description": "After dealing damage to an opponent with an Elemental Skill, the skill has a 80% chance to end its own CD. Can only occur once every 16s.",
    "weapon_icon": "https://static.wikia.nocookie.net/gensin-impact/images/b/b4/Weapon_Sacrificial_Bow_2nd.png/revision/latest?cb=20201120002532",
    "weapon_release_date": "September 28, 2020 | 5 years ago"
}