{
    "id": "43977275",
    "weapon_name": "Scion of the Blazing Sun",
    "weapon_type": "Bow",
    "weapon_quality": "4",
    "base_attack": "565",
    "secondary_attribute_type": "CRIT Rate",
    "secondary_attribute": "CRIT Rate 18.4%",
    "weapon_description": "An ancient longbow that is a remnant of King Deshret's ancient era. An indecipherable ancient text and solemn patterns have been carved into it. ",
    "weapon_skill_name": "The Way of Sunfire",
    "weapon_skill_description": "After a Charged Attack hits an opponent, a Sunfire Arrow will descend upon the opponent hit, dealing 120% ATK as DMG, and applying the Heartsearer effect to the opponent damaged by said Arrow for 10s. Opponents affected by Heartsearer take 56% more Charged Attack DMG from the wielder. A Sunfire Arrow can be triggered once every 10s.",
    "weapon_icon": "https://static.wikia.nocookie.net/gensin-impact/images/f/f3/Weapon_Scion_of_the_Blazing_Sun_2nd.png/revision/latest?cb=20230817014232",
    "weapon_release_date": "August 16, 2023 | 2 years, 2 months ago"
}