{
    "id": "23238283",
    "weapon_name": "Seasoned Hunter's Bow",
    "weapon_type": "Bow",
    "weapon_quality": "2",
    "base_attack": "243",
    "secondary_attribute_type": "None",
    "secondary_attribute": "None ",
    "weapon_description": "A bow that has been well-polished by time and meticulously cared for by its owner. It feels almost like an extension of the archer's arm.",
    "weapon_skill_name": "None",
    "weapon_skill_description": "None",
    "weapon_icon": "https://static.wikia.nocookie.net/gensin-impact/images/8/8b/Weapon_Seasoned_Hunter%27s_Bow_2nd.png/revision/latest?cb=20201116035119",
    "weapon_release_date": "September 28, 2020 | 5 years ago"
}