{
    "id": "33536543",
    "weapon_name": "Sharpshooter's Oath",
    "weapon_type": "Bow",
    "weapon_quality": "3",
    "base_attack": "401",
    "secondary_attribute_type": "CRIT DMG",
    "secondary_attribute": "CRIT DMG  - 46.9%",
    "weapon_description": "This superior bow once belonged to a master archer. However, it gives off a strong scent, thus making it unsuitable for hunting.",
    "weapon_skill_name": "Precise",
    "weapon_skill_description": "Increases DMG against weak spots by 48%.",
    "weapon_icon": "https://static.wikia.nocookie.net/gensin-impact/images/1/19/Weapon_Sharpshooter%27s_Oath_2nd.png/revision/latest?cb=20201120005448",
    "weapon_release_date": "September 28, 2020 | 5 years ago"
}