{
    "id": "53612508",
    "weapon_name": "Silvershower Heartstrings",
    "weapon_type": "Bow",
    "weapon_quality": "5",
    "base_attack": "542",
    "secondary_attribute_type": "HP",
    "secondary_attribute": "HP  - 66.2%",
    "weapon_description": "Legendary bow of the fairies. Whether on the stage or the battlefield, it can easily touch the hearts of the listener.",
    "weapon_skill_name": "Dryas's Nocturne",
    "weapon_skill_description": "The equipping character can gain the Remedy effect. When they possess 1/2/3 Remedy stacks, Max HP will increase by 24%/48%/80%. 1 stack may be gained when the following conditions are met: 1 stack for 25s when using an Elemental Skill; 1 stack for 25s when the value of a Bond of Life value increases; 1 stack for 20s for performing healing. Stacks can still be triggered when the equipping character is not on the field. Each stack's duration is counted independently. In addition, when 3 stacks are active, Elemental Burst CRIT Rate will be increased by 56%. This effect will be canceled 4s after falling under 3 stacks.",
    "weapon_icon": "https://static.wikia.nocookie.net/gensin-impact/images/2/2c/Weapon_Silvershower_Heartstrings_2nd.png/revision/latest?cb=20240625110617",
    "weapon_release_date": "June 25, 2024 | 1 year, 3 months ago"
}