{
    "id": "21967504",
    "weapon_name": "Silver Sword",
    "weapon_type": "Sword",
    "weapon_quality": "2",
    "base_attack": "243",
    "secondary_attribute_type": "None",
    "secondary_attribute": "None ",
    "weapon_description": "A sword for chasing away demons. Everyone knows it's made of a silver alloy, not pure silver.",
    "weapon_skill_name": "None",
    "weapon_skill_description": "None",
    "weapon_icon": "https://static.wikia.nocookie.net/gensin-impact/images/b/bd/Weapon_Silver_Sword_2nd.png/revision/latest?cb=20201119203947",
    "weapon_release_date": "September 28, 2020 | 5 years ago"
}