{
    "id": "31259191",
    "weapon_name": "Skyrider Sword",
    "weapon_type": "Sword",
    "weapon_quality": "3",
    "base_attack": "354",
    "secondary_attribute_type": "Energy Recharge",
    "secondary_attribute": "Energy Recharge  - 51.7%",
    "weapon_description": "A reliable steel sword. The legendary Skyrider once tried to ride it as a flying sword...",
    "weapon_skill_name": "Determination",
    "weapon_skill_description": "Using an Elemental Burst grants a 24% increase in ATK and Movement SPD for 15s.",
    "weapon_icon": "https://static.wikia.nocookie.net/gensin-impact/images/0/0a/Weapon_Skyrider_Sword_2nd.png/revision/latest?cb=20201119202751",
    "weapon_release_date": "September 28, 2020 | 5 years ago"
}