{
    "id": "52844873",
    "weapon_name": "Skyward Pride",
    "weapon_type": "Claymore",
    "weapon_quality": "5",
    "base_attack": "674",
    "secondary_attribute_type": "Energy Recharge",
    "secondary_attribute": "Energy Recharge 36.8%",
    "weapon_description": "A claymore that symbolizes the pride of Dvalin soaring through the skies. When swung, it emits a deep hum as the full force of Dvalin's command of the sky and the wind is unleashed.",
    "weapon_skill_name": "Sky-ripping Dragon Spine",
    "weapon_skill_description": "Increases all DMG by 16%. After using an Elemental Burst, a vacuum blade that does 160% of ATK as DMG to opponents along its path will be created when Normal or Charged Attacks hit. Lasts for 20s or 8 vacuum blades.",
    "weapon_icon": "https://static.wikia.nocookie.net/gensin-impact/images/8/8e/Weapon_Skyward_Pride_2nd.png/revision/latest?cb=20201119234618",
    "weapon_release_date": "September 28, 2020 | 5 years ago"
}