{
    "id": "33953688",
    "weapon_name": "Slingshot",
    "weapon_type": "Bow",
    "weapon_quality": "3",
    "base_attack": "354",
    "secondary_attribute_type": "CRIT Rate",
    "secondary_attribute": "CRIT Rate - 31.2%",
    "weapon_description": "A bow, despite the name. After countless experiments and improvements to the design, the creator of the ultimate slingshot found himself to have made what was actually a bow.",
    "weapon_skill_name": "Slingshot",
    "weapon_skill_description": "If a Normal or Charged Attack hits a target within 0.3s of being fired, increases DMG by 60%. Otherwise, decreases DMG by 10%.",
    "weapon_icon": "https://static.wikia.nocookie.net/gensin-impact/images/6/60/Weapon_Slingshot_2nd.png/revision/latest?cb=20201116035316",
    "weapon_release_date": "September 28, 2020 | 5 years ago"
}