{
    "id": "51225892",
    "weapon_name": "Summit Shaper",
    "weapon_type": "Sword",
    "weapon_quality": "5",
    "base_attack": "608",
    "secondary_attribute_type": "ATK",
    "secondary_attribute": "ATK  - 49.6%",
    "weapon_description": "A symbol of a legendary pact, this sharp blade once cut off the peak of a mountain.",
    "weapon_skill_name": "Golden Majesty",
    "weapon_skill_description": "Increases Shield Strength by 40%. Scoring hits on opponents increases ATK by 8% for 8s. Max 5 stacks. Can only occur once every 0.3s. While protected by a shield, this ATK increase effect is increased by 100%.",
    "weapon_icon": "https://static.wikia.nocookie.net/gensin-impact/images/2/24/Weapon_Summit_Shaper_2nd.png/revision/latest?cb=20201225233303",
    "weapon_release_date": "December 23, 2020 | 4 years, 9 months ago"
}