{
    "id": "54766897",
    "weapon_name": "Sunny Morning Sleep-In",
    "weapon_type": "Catalyst",
    "weapon_quality": "5",
    "base_attack": "542",
    "secondary_attribute_type": "Elemental Mastery",
    "secondary_attribute": "Elemental Mastery 265",
    "weapon_description": "A bell lantern forged from purple jade. They say it brings sweet dreams when placed beside one's pillow.",
    "weapon_skill_name": "Bathhouses, Hawks, and Narukami",
    "weapon_skill_description": "Elemental Mastery increases by 240 for 6s after triggering Swirl. Elemental Mastery increases by 192 for 9s after the wielder's Elemental Skill hits an opponent. Elemental Mastery increases by 64 for 30s after the wielder's Elemental Burst hits an opponent.",
    "weapon_icon": "https://static.wikia.nocookie.net/gensin-impact/images/f/f0/Weapon_Sunny_Morning_Sleep-In_2nd.png/revision/latest?cb=20250216222528",
    "weapon_release_date": "February 12, 2025 | 8 months ago"
}