{
    "id": "41775950",
    "weapon_name": "Sword of Narzissenkreuz",
    "weapon_type": "Sword",
    "weapon_quality": "4",
    "base_attack": "510",
    "secondary_attribute_type": "ATK",
    "secondary_attribute": "ATK 41.3%",
    "weapon_description": "A sword whose power faded when the story ended. It will now embark upon a new journey with the power that remains within it, which commemorates a certain great dream.",
    "weapon_skill_name": "Hero's Blade",
    "weapon_skill_description": "When the equipping character does not have an Arkhe: When Normal Attacks, Charged Attacks, or Plunging Attacks strike, a Pneuma or Ousia energy blast will be unleashed, dealing 320% of ATK as DMG. This effect can be triggered once every 12s. The energy blast type is determined by the current type of the Sword of Narzissenkreuz.",
    "weapon_icon": "https://static.wikia.nocookie.net/gensin-impact/images/3/30/Weapon_Sword_of_Narzissenkreuz_Ousia.png/revision/latest?cb=20231221071937",
    "weapon_release_date": "November 08, 2023 | 1 year, 11 months ago"
}