{
    "id": "41123735",
    "weapon_name": "Sword of Descension",
    "weapon_type": "Sword",
    "weapon_quality": "4",
    "base_attack": "440",
    "secondary_attribute_type": "ATK",
    "secondary_attribute": "ATK - 35.2%",
    "weapon_description": "A sword of unique craftsmanship. It does not appear to belong to this world.",
    "weapon_skill_name": "Descension",
    "weapon_skill_description": "Effective only on the following platform:<br/>\"PlayStation Network\"<br/>Hitting enemies with Normal or Charged Attacks grants a 50% chance to deal 200% ATK as DMG in a small AoE. This effect can only occur once every 10s.<br/>Additionally, if the Traveler equips the Sword of Descension, their ATK is increased by 66.",
    "weapon_icon": "https://static.wikia.nocookie.net/gensin-impact/images/a/a8/Weapon_Sword_of_Descension_2nd.png/revision/latest?cb=20201119203738",
    "weapon_release_date": "September 28, 2020 | 5 years ago"
}