{
    "id": "42303864",
    "weapon_name": "Talking Stick",
    "weapon_type": "Claymore",
    "weapon_quality": "4",
    "base_attack": "565",
    "secondary_attribute_type": "CRIT Rate",
    "secondary_attribute": "CRIT Rate 18.4%",
    "weapon_description": "Most people will find this obsidian-inlaid club quite convincing indeed.",
    "weapon_skill_name": "\"The Silver Tongue\"",
    "weapon_skill_description": "ATK will be increased by  32% for 15s after being affected by Pyro. This effect can be triggered once every 12s. All Elemental DMG Bonus will be increased by 24% for 15s after being affected by Hydro, Cryo, Electro, or Dendro. This effect can be triggered once every 12s.",
    "weapon_icon": "https://static.wikia.nocookie.net/gensin-impact/images/c/c8/Weapon_Talking_Stick_2nd.png/revision/latest?cb=20230817014244",
    "weapon_release_date": "August 16, 2023 | 2 years, 2 months ago"
}