{
    "id": "41743191",
    "weapon_name": "The Dockhand's Assistant",
    "weapon_type": "Sword",
    "weapon_quality": "4",
    "base_attack": "510",
    "secondary_attribute_type": "HP",
    "secondary_attribute": "HP 41.3%",
    "weapon_description": "A convenient cutting tool that you can rarely find nowadays. You can replace the blades as they are dulled by usage.",
    "weapon_skill_name": "Sea Shanty",
    "weapon_skill_description": "When the wielder is healed or heals others, they will gain a Stoic's Symbol that lasts 30s, up to a maximum of 3 Symbols. When using their Elemental Skill or Burst, all Symbols will be consumed and the Roused effect will be granted for 10s. For each Symbol consumed, gain 80 Elemental Mastery, and 2s after the effect occurs, 4 Energy per Symbol consumed will be restored for said character. The Roused effect can be triggered once every 15s, and Symbols can be gained even when the character is not on the field.",
    "weapon_icon": "https://static.wikia.nocookie.net/gensin-impact/images/b/b1/Weapon_The_Dockhand%27s_Assistant_2nd.png/revision/latest?cb=20231219233153",
    "weapon_release_date": "September 27, 2023 | 2 years ago"
}