{
    "id": "52564129",
    "weapon_name": "The Unforged",
    "weapon_type": "Claymore",
    "weapon_quality": "5",
    "base_attack": "608",
    "secondary_attribute_type": "ATK",
    "secondary_attribute": "ATK  - 49.6%",
    "weapon_description": "Capable of driving away evil spirits and wicked people alike, this edgeless claymore seems to possess divine might.",
    "weapon_skill_name": "Golden Majesty",
    "weapon_skill_description": "Increases Shield Strength by 40%. Scoring hits on opponents increases ATK by 8% for 8s. Max 5 stacks. Can only occur once every 0.3s. While protected by a shield, this ATK increase effect is increased by 100%.",
    "weapon_icon": "https://static.wikia.nocookie.net/gensin-impact/images/3/34/Weapon_The_Unforged_2nd.png/revision/latest?cb=20201116032718",
    "weapon_release_date": "December 01, 2020 | 4 years, 10 months ago"
}