{
    "id": "42748381",
    "weapon_name": "Tidal Shadow",
    "weapon_type": "Claymore",
    "weapon_quality": "4",
    "base_attack": "510",
    "secondary_attribute_type": "ATK",
    "secondary_attribute": "ATK 41.3%",
    "weapon_description": "An exquisitely-crafted. standard-model sword forged for the high-ranking officers and flagship captains of Fontaine's old navy.",
    "weapon_skill_name": "White Cruising Wave",
    "weapon_skill_description": "After the wielder is healed, ATK will be increased by 48% for 8s. This can be triggered even when the character is not on the field.",
    "weapon_icon": "https://static.wikia.nocookie.net/gensin-impact/images/1/17/Weapon_Tidal_Shadow_2nd.png/revision/latest?cb=20230817014256",
    "weapon_release_date": "August 16, 2023 | 2 years, 2 months ago"
}