{
    "id": "54843325",
    "weapon_name": "Vivid Notions",
    "weapon_type": "Catalyst",
    "weapon_quality": "5",
    "base_attack": "674",
    "secondary_attribute_type": "CRIT DMG",
    "secondary_attribute": "CRIT DMG - 44.1%",
    "weapon_description": "A trophy made from gemstones from the Collective of Plenty and crystals from the Flower-Feather Clan. It is said to have once belonged to a legendary wrestler.",
    "weapon_skill_name": "Falling Rainbow's Wish",
    "weapon_skill_description": "ATK is increased by 56%. When you use a Plunging Attack, you will gain the \"Dawn's First Hue\" effect: Plunging Attack CRIT DMG is increased by 56%. When you use an Elemental Skill or Burst, you will gain the \"Twilight's Splendor\" effect: Plunging Attack CRIT DMG is increased by 80%. The two effects above each last for 15s, and will be canceled 0.1s after the ground impact hits a target.",
    "weapon_icon": "https://static.wikia.nocookie.net/gensin-impact/images/1/1e/Weapon_Vivid_Notions_2nd.png/revision/latest?cb=20250326195955",
    "weapon_release_date": "March 26, 2025 | 6 months ago"
}