{
    "id": "55514956",
    "weapon_name": "Vortex Vanquisher",
    "weapon_type": "Polearm",
    "weapon_quality": "5",
    "base_attack": "608",
    "secondary_attribute_type": "ATK",
    "secondary_attribute": "ATK  - 49.6%",
    "weapon_description": "This sharp polearm can seemingly pierce through anything. When swung, one can almost see the rift it tears in the air.",
    "weapon_skill_name": "Golden Majesty",
    "weapon_skill_description": "Increases Shield Strength by 40%. Scoring hits on opponents increases ATK by 8% for 8s. Max 5 stacks. Can only occur once every 0.3s. While protected by a shield, this ATK increase effect is increased by 100%.",
    "weapon_icon": "https://static.wikia.nocookie.net/gensin-impact/images/c/ca/Weapon_Vortex_Vanquisher_2nd.png/revision/latest?cb=20201116152647",
    "weapon_release_date": "December 01, 2020 | 4 years, 10 months ago"
}