{
    "id": "12954265",
    "weapon_name": "Waster Greatsword",
    "weapon_type": "Claymore",
    "weapon_quality": "1",
    "base_attack": "185",
    "secondary_attribute_type": "None",
    "secondary_attribute": "None ",
    "weapon_description": "A sturdy sheet of iron that may be powerful enough to break apart mountains, if wielded with enough willpower.",
    "weapon_skill_name": "None",
    "weapon_skill_description": "None",
    "weapon_icon": "https://static.wikia.nocookie.net/gensin-impact/images/b/bd/Weapon_Waster_Greatsword_2nd.png/revision/latest?cb=20201116032721",
    "weapon_release_date": "September 28, 2020 | 5 years ago"
}