{
    "id": "41474407",
    "weapon_name": "Wolf-Fang",
    "weapon_type": "Sword",
    "weapon_quality": "4",
    "base_attack": "510",
    "secondary_attribute_type": "CRIT Rate",
    "secondary_attribute": "CRIT Rate 27.6%",
    "weapon_description": "Legend has it that this longsword was once used by a wandering knight in the distant past.",
    "weapon_skill_name": "Northwind Wolf",
    "weapon_skill_description": "DMG dealt by Elemental Skill and Elemental Burst is increased by 32%. When an Elemental Skill hits an opponent, its CRIT Rate will be increased by 4%. When an Elemental Burst hits an opponent, its CRIT Rate will be increased by 4%. Both of these effects last 10s separately, have 4 max stacks, and can be triggered once every 0.1s.",
    "weapon_icon": "https://static.wikia.nocookie.net/gensin-impact/images/a/a4/Weapon_Wolf-Fang_2nd.png/revision/latest?cb=20230817014302",
    "weapon_release_date": "August 16, 2023 | 2 years, 2 months ago"
}